{
  "timestamp": "20260227_231742",
  "overall": {
    "total_cases": 71,
    "valid_r2_count": 71,
    "success_count": 69,
    "success_rate": 0.971830985915493,
    "mean_r2": 0.9900726839123142,
    "median_r2": 0.9990539519473663,
    "std_r2": 0.03725218088534871,
    "min_r2": 0.7524452311775998,
    "max_r2": 1.0,
    "q25_r2": 0.9977296818719474,
    "q75_r2": 0.9998381000159346,
    "excellent_count": 61,
    "good_count": 7,
    "acceptable_count": 1,
    "poor_count": 2
  },
  "domain": {
    "amm": {
      "total": 12,
      "mean_r2": 0.9943465309223863,
      "median_r2": 0.9991206140329211,
      "std_r2": 0.008895246216715332,
      "min_r2": 0.968908833160081,
      "max_r2": 1.0,
      "success_rate": 1.0
    },
    "lending": {
      "total": 10,
      "mean_r2": 0.9801979855415249,
      "median_r2": 0.9998363909526695,
      "std_r2": 0.05555443245095954,
      "min_r2": 0.8136110610602081,
      "max_r2": 1.0,
      "success_rate": 0.9
    },
    "risk": {
      "total": 17,
      "mean_r2": 0.9985485138144119,
      "median_r2": 0.9988211632942327,
      "std_r2": 0.0012018464385527613,
      "min_r2": 0.9946541108658243,
      "max_r2": 0.9998255223216601,
      "success_rate": 1.0
    },
    "staking": {
      "total": 8,
      "mean_r2": 0.9991071454941471,
      "median_r2": 0.9998037439971359,
      "std_r2": 0.0015313484492490497,
      "min_r2": 0.9951469634593237,
      "max_r2": 0.9998882876073498,
      "success_rate": 1.0
    },
    "trading": {
      "total": 8,
      "mean_r2": 0.9979819259790426,
      "median_r2": 0.9993041539599207,
      "std_r2": 0.003527379169114639,
      "min_r2": 0.988772788831453,
      "max_r2": 0.9999179887118026,
      "success_rate": 1.0
    },
    "derivatives": {
      "total": 8,
      "mean_r2": 0.9866534946706801,
      "median_r2": 0.9990557036799232,
      "std_r2": 0.0267918458812959,
      "min_r2": 0.9178954429943733,
      "max_r2": 0.9999146883150207,
      "success_rate": 1.0
    },
    "liquidity": {
      "total": 8,
      "mean_r2": 0.9644696334118075,
      "median_r2": 0.9981241815943549,
      "std_r2": 0.08056371880709602,
      "min_r2": 0.7524452311775998,
      "max_r2": 1.0,
      "success_rate": 0.875
    }
  },
  "strategy": {
    "llm": {
      "count": 6,
      "mean_r2": 1.0,
      "median_r2": 1.0,
      "std_r2": 0.0,
      "min_r2": 1.0,
      "max_r2": 1.0,
      "success_rate": 1.0
    },
    "ensemble": {
      "count": 40,
      "mean_r2": 0.9985854085611787,
      "median_r2": 0.9996710870465917,
      "std_r2": 0.0021906484899190987,
      "min_r2": 0.988772788831453,
      "max_r2": 0.9999179887118026,
      "success_rate": 1.0
    },
    "nn": {
      "count": 25,
      "mean_r2": 0.9740697686130863,
      "median_r2": 0.9985073642572134,
      "std_r2": 0.0594791441365829,
      "min_r2": 0.7524452311775998,
      "max_r2": 0.9991109430336931,
      "success_rate": 0.92
    }
  },
  "components": {
    "llm": {
      "attempts": 71,
      "successes": 71,
      "failures": 0,
      "success_rate": 1.0,
      "mean_r2": -140078.06599710495
    },
    "ensemble": {
      "attempts": 0,
      "successes": 0,
      "failures": 0,
      "success_rate": 0,
      "mean_r2": 0
    },
    "nn": {
      "attempts": 71,
      "successes": 71,
      "failures": 0,
      "success_rate": 1.0,
      "mean_r2": 0.9692963224959971
    }
  },
  "failures": 2,
  "extrapolation": {},
  "bootstrap": {
    "mean_r2": 0.9900726839123142,
    "ci_lower": 0.9801833354270626,
    "ci_upper": 0.9972402306235554,
    "n_bootstrap": 5000
  },
  "bayesian": {
    "posterior_prob": 0.9748,
    "credible_interval": [
      -2.274443256686019e-05,
      0.041881233995014644
    ],
    "mean_difference": 0.020776361416317113
  },
  "effect_sizes": {
    "cohens_d": 0.32779953740145085,
    "hedges_g": 0.3260403270039475,
    "interpretation": "small"
  },
  "stability": {
    "per_domain_mean_r2": {
      "amm": 0.9943465309223863,
      "lending": 0.9801979855415249,
      "risk": 0.9985485138144119,
      "staking": 0.9991071454941471,
      "trading": 0.9979819259790426,
      "derivatives": 0.9866534946706801,
      "liquidity": 0.9644696334118075
    },
    "variance_across_domains": 0.0001409855718849528,
    "stability_score": 0.9998590343022445
  }
}